train_loss,test_loss
17889.546028137207,2382.752128601074
7393.522987365723,1471.5713233947754
5658.954170227051,1358.1661186218262
5464.267333984375,1353.655906677246
5451.795597076416,1354.6900596618652
5464.216506958008,1354.0144500732422
5452.066738128662,1353.961368560791
5459.155055999756,1356.0156898498535
5458.342491149902,1354.3009567260742
5464.685375213623,1353.6406059265137
5461.320037841797,1353.7199249267578
5450.993469238281,1355.7635383605957
5463.039878845215,1353.5266799926758
5456.170707702637,1354.4475402832031
5470.356151580811,1354.523265838623
5460.110000610352,1354.9128227233887
5404.595058441162,1302.139102935791
4756.220600128174,1056.961612701416
3540.183036804199,708.196798324585
2309.7779579162598,459.44611740112305
1486.422932624817,312.8367691040039
904.5792107582092,175.05588626861572
581.2598705291748,116.75353956222534
387.71466088294983,96.98645877838135
298.8663375377655,67.15588736534119
233.94946336746216,58.895500898361206
193.26133167743683,49.86262381076813
168.28696870803833,36.68834340572357
133.4415967464447,33.17569661140442
117.10392844676971,28.019630432128906
98.28319543600082,25.786333322525024
87.7835231423378,20.905550599098206
83.88682162761688,19.248835027217865
68.38762879371643,19.019107401371002
64.01129907369614,15.803523302078247
56.937569320201874,18.405378341674805
57.6497597694397,14.64483243227005
50.55404391884804,12.238572597503662
42.64783385396004,10.78363972902298
39.31807416677475,13.536182224750519
39.327961176633835,10.662460505962372
41.32297071814537,9.154076963663101
33.45163905620575,8.723641991615295
30.24700626730919,8.154964327812195
30.483113318681717,8.692414253950119
29.776365906000137,6.967410296201706
27.92970845103264,9.73056760430336
26.817878857254982,6.7511230409145355
22.806690141558647,6.003003776073456
22.94845287501812,5.831962510943413
20.516963839530945,5.523713067173958
21.682895332574844,6.222707465291023
18.271578788757324,5.917480617761612
16.71011993288994,4.404802829027176
17.227477610111237,5.1318052262067795
16.221271574497223,4.118584603071213
14.376663602888584,4.575382500886917
14.53006312251091,4.654038026928902
13.674178138375282,3.4884227514266968
13.733947217464447,3.9427690356969833
16.541374117136,3.6482198983430862
12.893898755311966,3.9077959656715393
12.536383330821991,3.64140585064888
11.86317490041256,4.489591553807259
19.429362073540688,4.020688325166702
11.475738056004047,3.53275166451931
10.026623457670212,2.823263145983219
11.414337269961834,3.6489731669425964
13.152156084775925,3.931511402130127
10.353605337440968,2.354454606771469
9.106471106410027,2.986317716538906
8.040642626583576,2.4195389598608017
9.863692939281464,2.915773794054985
10.125927656888962,2.6094272807240486
8.889059655368328,2.189783997833729
9.893944010138512,2.9788784086704254
8.341268919408321,2.3945968225598335
10.127294205129147,2.2114236652851105
7.064620487391949,2.2704925015568733
6.4193186312913895,2.0010413378477097
8.543048344552517,3.174504652619362
9.083771415054798,2.5931927114725113
7.672928482294083,2.0001557990908623
7.796551052480936,2.8679888620972633
8.122538920491934,2.6439854577183723
8.083693034946918,1.8636129423975945
5.5010679587721825,1.6687975451350212
7.531363729387522,1.89604814350605
11.763400711119175,4.373323068022728
8.48165787011385,1.8085333406925201
9.690585754811764,2.17319268733263
6.248529322445393,1.5744863897562027
5.238421693444252,1.5691406466066837
6.280392214655876,2.937681660056114
6.797851402312517,2.1887432262301445
5.918441545218229,1.7449147403240204
5.569983385503292,1.5500171408057213
6.392732989042997,2.7830354794859886
6.77187067642808,2.0911775827407837
6.625203222036362,1.669954240322113
2.938002211973071,0.7947597689926624
2.4607746358960867,0.7700948007404804
2.219776179641485,0.6782656367868185
1.9851075392216444,0.6541526578366756
2.154981192201376,0.7349047437310219
2.1125798486173153,0.7307474706321955
2.066235587000847,0.6910557299852371
2.0594675317406654,0.7431041300296783
2.5089204385876656,0.9408481195569038
2.9054004717618227,0.7968695126473904
2.187444532290101,0.6836725007742643
2.1740738824009895,1.0173929072916508
2.4586651027202606,0.8043110948055983
2.1125495117157698,0.8418084923177958
2.3864812701940536,0.6751020587980747
2.095919094979763,0.7529503777623177
2.163138346746564,0.6673533301800489
2.499523848295212,0.725735267624259
2.1347837392240763,0.6790592540055513
2.6278157886117697,1.0891163684427738
2.8209584336727858,0.7017336376011372
2.286112016066909,0.7639438919723034
2.7513930797576904,0.9403629377484322
3.3257644064724445,0.8615008592605591
2.2386366836726665,0.6632279548794031
2.0934707038104534,0.7539575845003128
2.615444542840123,0.7345450464636087
3.38722413033247,1.0484590530395508
3.422855770215392,0.7923247553408146
2.2219332177191973,0.6141481250524521
1.753125892020762,0.569140249863267
1.7581081073731184,0.6547051407396793
1.9357324428856373,0.5619229152798653
2.2662062775343657,0.7308235503733158
2.499058635905385,0.661854300647974
2.010869812220335,0.600131768733263
2.3383366968482733,0.9172941818833351
3.1047133207321167,0.7243382353335619
2.0352019146084785,0.6794310286641121
2.658898962661624,1.5422646813094616
3.090371709316969,0.7371611185371876
2.1759943421930075,0.637734692543745
2.061515338718891,0.5778903383761644
1.8372495453804731,0.6267218571156263
2.2121952082961798,0.5964982863515615
2.238011933863163,0.602318124845624
2.074624376371503,0.5666538011282682
1.8621440511196852,0.6715258099138737
1.8302918570116162,0.52801956795156
1.9048285251483321,0.6247029080986977
1.8664701161906123,0.7040808312594891
1.932451581582427,0.5792138781398535
2.0769197959452868,2.251851908862591
3.3192342557013035,0.7926864083856344
2.4944489505141973,0.905324924737215
2.2314898427575827,0.7289617881178856
2.181952441111207,0.6067358888685703
1.614657356403768,0.5670354925096035
1.5834979908540845,0.5655951164662838
1.7634222656488419,0.5057030096650124
1.7200883300974965,0.6725980266928673
1.889906688593328,0.5585759840905666
1.4191858591511846,0.40585639886558056
1.569691352546215,0.6775155514478683
2.665381131693721,0.5887138489633799
1.639600908383727,0.669073985889554
2.176850887015462,0.6866953112185001
1.9878547247499228,1.0708916820585728
2.377680918201804,0.5948286186903715
1.6629673643037677,0.5254534166306257
1.765902753919363,0.6245858184993267
2.0446140840649605,0.7223960794508457
2.118624310940504,0.44377326406538486
1.3033855948597193,0.36024766229093075
2.065179214812815,0.7106044385582209
1.5465198224410415,0.476116044446826
1.3459695782512426,0.42111446522176266
1.6433356860652566,0.6108847390860319
2.3301158361136913,0.6882919147610664
1.6484167641028762,0.4777106363326311
1.6172973457723856,0.5892216097563505
1.7695820573717356,0.44051981903612614
1.8209644351154566,0.5288654677569866
1.4291246067732573,0.3477507848292589
1.4111002143472433,0.517746863886714
1.4986350387334824,0.5947658102959394
1.7464999165385962,0.42347655445337296
1.3829814605414867,0.3888129321858287
1.4541694363579154,0.46131984516978264
2.139911288395524,0.5277264006435871
1.636441145092249,0.4572580121457577
2.334338704124093,0.7342634778469801
2.173979692161083,0.4525058064609766
1.3749009277671576,0.3768727192655206
2.09537429921329,0.7417083196341991
2.684153040871024,0.4614948406815529
1.317587318830192,0.3674512431025505
0.9370889253914356,0.28397136926651
1.0714159030467272,0.44911372289061546
1.4800974056124687,0.3280409062281251
0.5811099172569811,0.18560228869318962
0.45988615276291966,0.17471636924892664
0.4435242891777307,0.17054285341873765
0.44815232837572694,0.17458835151046515
0.4676345447078347,0.20086507312953472
0.46124182594940066,0.1775329695083201
0.4752850364893675,0.18951051868498325
0.4687930876389146,0.18102776585146785
0.45934339705854654,0.21783441863954067
0.5058885789476335,0.1816181754693389
0.4859031457453966,0.18395255599170923
0.5079992515966296,0.17410680372267962
0.49755321769043803,0.20665739476680756
0.531738021876663,0.19661896023899317
0.5249316464178264,0.19659705087542534
0.5788161982782185,0.21671527437865734
0.6201250525191426,0.27826587948948145
0.7031317688524723,0.22710770461708307
0.548287333920598,0.17922062426805496
0.5326791815459728,0.1901608519256115
0.6345326714217663,0.2687805173918605
0.7302569299936295,0.27947759442031384
0.8073906823992729,0.2718746354803443
0.7106281467713416,0.28820517007261515
0.5763221299275756,0.20506268925964832
0.6509096678346395,0.2541003068909049
0.663293179590255,0.20932108629494905
0.71716149430722,0.20084804948419333
0.580249072983861,0.1943946979008615
0.5433846339583397,0.24386559147387743
0.7190694995224476,0.23813430033624172
0.7311883643269539,0.22125521022826433
0.6952651417814195,0.19758334569633007
0.5172344348393381,0.20284786261618137
0.620928349904716,0.21135514043271542
0.6084205838851631,0.1598206670023501
0.50292879762128,0.21522122528403997
0.6425407351925969,0.21659278124570847
0.5398488095961511,0.21586492098867893
0.529808463063091,0.24337262567132711
0.6001170962117612,0.19397871475666761
0.6309055075980723,0.27138289995491505
0.7519465908408165,0.23049777559936047
0.8641280112788081,0.29793317802250385
0.67355877161026,0.18276859819889069
0.5372516559436917,0.17425896786153316
0.4671484464779496,0.1664299895055592
0.5893861623480916,0.19749691616743803
0.5366493035107851,0.1824708627536893
0.5680228099226952,0.2093901801854372
0.6240004287101328,0.29757985193282366
0.7987786321900785,0.26866334304213524
0.7866115439683199,0.2264738092198968
0.7044810256920755,0.2159029534086585
0.5673054191283882,0.21750316303223372
0.4564771740697324,0.150368248578161
0.6360867461189628,0.22586917132139206
0.5490640443749726,0.14880373794585466
0.5056560528464615,0.21091035287827253
0.5495027503930032,0.19890919839963317
0.5824582409113646,0.17952605104073882
0.5168122365139425,0.16307685524225235
0.5238471915945411,0.21321925334632397
0.6140860891900957,0.19348197104409337
0.5700981039553881,0.1679222472012043
0.5436970880255103,0.2734643565490842
0.6504074092954397,0.17835879372432828
0.715730941388756,0.1974886804819107
0.5027222693897784,0.16654754988849163
0.42739339312538505,0.1651170109398663
0.7430653413757682,0.4627839419990778
0.692567955236882,0.16253618244081736
0.44441689481027424,0.153052628505975
0.49215653957799077,0.1962898774072528
0.5175556400790811,0.1710999901406467
0.5945540084503591,0.17818537214770913
0.6249181753955781,0.1795738241635263
0.47405670676380396,0.1523641780950129
0.48127008182927966,0.18542399583384395
0.5311996564269066,0.15288938209414482
0.4338776785880327,0.17590379249304533
0.46459209942258894,0.1338009904138744
0.42146913590840995,0.17399045592173934
0.597251561935991,0.15873877564445138
0.40718541224487126,0.14838968962430954
0.4546996555291116,0.15097707137465477
0.523412611335516,0.29065560176968575
0.7201352920383215,0.18714863900095224
0.6770818326622248,0.19035471184179187
0.5335685587488115,0.15841452777385712
0.4082532455213368,0.19801408145576715
0.5038419908378273,0.18004745664075017
0.5342021551914513,0.3355812784284353
0.7335546426475048,0.16846815077587962
0.4204273563809693,0.13850667281076312
0.4197695874609053,0.14335637399926782
0.557451686821878,0.18917440623044968
0.44657914340496063,0.13123065792024136
0.439576777163893,0.17501520970836282
0.6167548866942525,0.324423223733902
0.31787209981121123,0.08585499902255833
0.19553132285363972,0.08631872688420117
0.19265460420865566,0.08219972695223987
0.1849653390236199,0.09076213696971536
0.19629962334875017,0.09021398890763521
0.19668584410101175,0.08544124150648713
0.1914191417163238,0.0901016362477094
0.19553253042977303,0.09050697507336736
0.19570140750147402,0.08507291250862181
0.19986986147705466,0.08989123837091029
0.20637185091618448,0.0903631504625082
0.20847979397512972,0.09645176120102406
0.2299947541905567,0.09432458807714283
0.2072209605248645,0.09237280953675508
0.20382793969474733,0.09220729721710086
0.22299420670606196,0.09853586228564382
0.22021251008845866,0.10421032598242164
0.2319114818237722,0.09067586087621748
0.23629490635357797,0.09888469614088535
0.23262085346505046,0.0988265722990036
0.21952448296360672,0.09327126806601882
0.23568257689476013,0.0979950015898794
0.25194566627033055,0.098983536940068
0.2438853424973786,0.11289630783721805
0.2596709087956697,0.10672666830942035
0.2561479452997446,0.09857111005112529
0.2355458363890648,0.0939947091974318
0.21664205589331686,0.09716306976042688
0.2369835323188454,0.09878440434113145
0.2766554835252464,0.09293069154955447
0.24107923032715917,0.10463067097589374
0.23605758766643703,0.0935112398583442
0.23413610737770796,0.09998007724061608
0.23244941886514425,0.10534569108858705
0.30011528567411005,0.10122934449464083
0.2633374626748264,0.10843895608559251
0.25784057728014886,0.12441168865188956
0.2758266448508948,0.0870164749212563
0.2299726982600987,0.08926120772957802
0.21245976514182985,0.124370401725173
0.22281374293379486,0.0791088747791946
0.2077777786180377,0.09708207286894321
0.21679849561769515,0.1068368018604815
0.2360218013636768,0.08784163068048656
0.23708581761457026,0.11298682726919651
0.24175059236586094,0.13269307650625706
0.24204794690012932,0.09508318454027176
0.23244789871387184,0.0942185572348535
0.2703630675096065,0.11043450515717268
0.2705386825837195,0.14387837145477533
0.24674798687919974,0.09410221455618739
0.22294680832419544,0.08741221227683127
0.20408935914747417,0.09157186886295676
0.21119605307467282,0.08592870086431503
0.24187176069244742,0.08388908323831856
0.21768352529034019,0.07755571091547608
0.19684541784226894,0.0879799893591553
0.22387789003551006,0.08465690305456519
0.21668417169712484,0.10019607376307249
0.2954308846965432,0.10860736668109894
0.24665188253857195,0.09773931512609124
0.22868779418058693,0.09800382563844323
0.24482205975800753,0.0806219622027129
0.2007561451755464,0.08766086306422949
0.23409658786840737,0.08709343103691936
0.21009095339104533,0.08376854937523603
0.2152367616072297,0.08524174219928682
0.19728165154810995,0.08895261981524527
0.21567468787543476,0.082119109807536
0.20770367863588035,0.0947658778168261
0.20616006304044276,0.08536284510046244
0.22527213534340262,0.0829767023678869
0.20404211175628006,0.08366033853963017
0.2173012075945735,0.07942611537873745
0.22510686272289604,0.09418469830416143
0.22025927435606718,0.07366052479483187
0.19401132629718632,0.09472247585654259
0.21229488274548203,0.08371257246471941
0.21087799849919975,0.08222558093257248
0.21233199129346758,0.08331559784710407
0.20178498094901443,0.0866437794174999
0.19872667430900037,0.08827057178132236
0.21164800133556128,0.08044184069149196
0.21957506495527923,0.08850609348155558
0.21208453876897693,0.08120649633929133
0.22459502064157277,0.09010865236632526
0.24898659228347242,0.09337583603337407
0.23434536950662732,0.07765444018878043
0.18062259955331683,0.08382800547406077
0.2085957156959921,0.08160245604813099
0.21573220053687692,0.07948104222305119
0.19122362427879125,0.07648389018140733
0.19546804926358163,0.08100369176827371
0.2077604471705854,0.07869434636086226
0.19877321342937648,0.07317025936208665
0.20607150462456048,0.08173424052074552
0.2452721120789647,0.09677020134404302
0.24491964606568217,0.11835219105705619
0.2801065616076812,0.08267976040951908
0.17380413482896984,0.07151248236186802
0.11962651368230581,0.057016887003555894
0.11437849036883563,0.05860380479134619
0.1126668507931754,0.05621080030687153
0.11048399528954178,0.05740524688735604
0.11520477489102632,0.05685241357423365
0.11146508203819394,0.05756888911128044
0.1189922372577712,0.062000786419957876
0.1180162311065942,0.059421966783702374
0.11368747428059578,0.056450825184583664
0.11559167760424316,0.05684325727634132
0.11597771488595754,0.0589705603197217
0.12039066827856004,0.05876217712648213
0.12074172252323478,0.0574406161904335
0.12316231173463166,0.06084619020111859
0.12351785448845476,0.06276346184313297
0.12817267887294292,0.05753583554178476
0.12808373128063977,0.061444657389074564
0.12109171866904944,0.05984700797125697
0.12284386181272566,0.05927866022102535
0.12929771177005023,0.061585729010403156
0.12143412057776004,0.06798453954979777
0.12199539237190038,0.05926850321702659
0.12506860098801553,0.05929511389695108
0.12126110098324716,0.058481842977926135
0.12455253512598574,0.05772555968724191
0.12367263517808169,0.05826789955608547
0.1258297839667648,0.05703391879796982
0.12279370718169957,0.058746201219037175
0.1304982788860798,0.061372478026896715
0.12914446566719562,0.06340979062952101
0.12349417607765645,0.05681940307840705
0.12170498201157898,0.058251833310350776
0.13005307991988957,0.05544521217234433
0.1202986417338252,0.05781106813810766
0.1254604613641277,0.05655505298636854
0.127353279851377,0.059691547648981214
0.1322922286344692,0.06506054196506739
0.12861097662243992,0.05886343983002007
0.12571416713763028,0.06303693074733019
0.12567154364660382,0.0608932301402092
0.12562742829322815,0.058688480872660875
0.13860189483966678,0.06022540479898453
0.12287670176010579,0.057888106908649206
0.12045348738320172,0.05741437617689371
0.12671377917286009,0.05591979809105396
0.1254518423229456,0.05514511512592435
0.11846045695710927,0.057363542495295405
0.1252945401938632,0.05873809545300901
0.1296834071399644,0.05681693134829402
0.11441799195017666,0.062332871137186885
0.12567165191285312,0.0564981778152287
0.11712501081638038,0.057647089241072536
0.12025943864136934,0.06174872140400112
0.12731566664297134,0.05711068073287606
0.12845935940276831,0.06753293890506029
0.12753955041989684,0.05492653604596853
0.11670498945750296,0.0568618846591562
0.11855996120721102,0.05280458671040833
0.11633001186419278,0.05600468837656081
0.12304577883332968,0.05796217150054872
0.12978758162353188,0.07004308351315558
0.13230002718046308,0.05512467632070184
0.11492048727814108,0.0577588165178895
0.1150940767256543,0.05329018668271601
0.11677498288918287,0.05723519320599735
0.11552423296961933,0.05628805421292782
0.12395243032369763,0.06058058049529791
0.12236470496281981,0.05396309006027877
0.11037129920441657,0.05786818405613303
0.11297146265860647,0.05583827686496079
0.11912758671678603,0.05734863807447255
0.11876601842232049,0.056149611715227365
0.1276050821179524,0.05487041361629963
0.11674372619017959,0.055091633228585124
0.11199554766062647,0.05358216958120465
0.11499254521913826,0.05230892123654485
0.11158453463576734,0.054288961458951235
0.1252515371888876,0.055149668129161
0.10929483477957547,0.05136134033091366
0.11331073474138975,0.05584092391654849
0.11319137876853347,0.053698787931352854
0.11578662460669875,0.052590802777558565
0.11548284103628248,0.060387362726032734
0.11194546084152535,0.05134059768170118
0.11135660170111805,0.05432339129038155
0.107766168192029,0.055189024191349745
0.12009607185609639,0.0523343977984041
0.1091097251046449,0.05077325622551143
0.11509201163426042,0.05432222713716328
0.11271558958105743,0.05546528357081115
0.12112178711686283,0.0606612479314208
0.12061419431120157,0.05118737416341901
0.10531927447300404,0.050132310250774026
0.10819768090732396,0.0531814219430089
0.10465756780467927,0.053659621393308043
0.11387872509658337,0.056679117726162076
0.10970442125108093,0.051889675902202725
0.12180209998041391,0.05430583702400327
0.11064912425354123,0.05029378226026893
0.10690849227830768,0.052714107325300574
0.08626892731990665,0.04613293905276805
0.08130863873520866,0.044232879765331745
0.07967209769412875,0.04469043621793389
0.07919550075894222,0.04407380276825279
0.08248620352242142,0.04430037853308022
0.08128408627817407,0.04432097764220089
0.08134914247784764,0.04436474514659494
0.08106293127639219,0.04518506594467908
0.08373942447360605,0.045993467210792005
0.0832980748382397,0.04478396009653807
0.08320021937834099,0.04562573065049946
0.08512167434673756,0.045283287414349616
0.08230410300893709,0.04681822587735951
0.0837025884538889,0.04562507406808436
0.08182815206237137,0.04435811995062977
0.08272312284680083,0.04499016480986029
0.08195004548178986,0.04418868001084775
0.08166235487442464,0.04466005286667496
0.08395123726222664,0.044135717675089836
0.08302204555366188,0.04440878762397915
0.08330275269690901,0.04643627139739692
0.0839154688292183,0.044878589105792344
0.08169629634357989,0.04422826808877289
0.08476759836776182,0.048494239104911685
0.08788225252646953,0.04808811889961362
0.08635051263263449,0.04359403159469366
0.08101450925460085,0.04513357323594391
0.08427653461694717,0.045457307482138276
0.08150932792341337,0.04545430978760123
0.0865065602120012,0.04540641885250807
0.08582989033311605,0.04614413296803832
0.0850310692912899,0.044078563689254224
0.08206653263187036,0.04414648236706853
0.08821849699597806,0.047103945165872574
0.08178141817916185,0.04335064650513232
0.08375301968771964,0.044631405849941075
0.0818805928574875,0.045661102747544646
0.08465241169324145,0.04586448147892952
0.0842181591433473,0.045443352428264916
0.08240960427792743,0.045488831819966435
0.08229398413095623,0.04406406811904162
0.08316514221951365,0.04316605441272259
0.0828501672949642,0.044483247329480946
0.08123655017698184,0.04600551771000028
0.08236491167917848,0.043770997668616474
0.08594731386983767,0.04653655388392508
0.08286220376612619,0.04380776756443083
0.08037151116877794,0.04399815539363772
0.07984284858684987,0.04301167477387935
0.08141849440289661,0.0437206287169829
0.08380150515586138,0.04522209847345948
0.08116853481624275,0.042352713528089225
0.08034055645111948,0.043175434111617506
0.08070842194138095,0.04336638259701431
0.08077911532018334,0.0428803259273991
0.08194253861438483,0.04315130412578583
0.08024647802812979,0.04493974149227142
0.08256812230683863,0.04416627634782344
0.07908599806251004,0.04225813748780638
0.0817931541823782,0.04305650945752859
0.07707471161847934,0.042661933694034815
0.08132205065339804,0.04348477767780423
0.07868688745656982,0.045557393692433834
0.08036216191248968,0.04216467682272196
0.07911589468130842,0.043616454815492034
0.07993888895725831,0.04291324352379888
0.0835298512247391,0.04542671795934439
0.0827652775333263,0.04341297235805541
0.08116691920440644,0.04332059563603252
0.07972733373753726,0.04244203364942223
0.07844095537438989,0.04386755917221308
0.08009041612967849,0.04558224917855114
0.07938299758825451,0.04304227884858847
0.08032100449781865,0.04325074190273881
0.07668517873389646,0.04244462610222399
0.07746294751996174,0.041698483168147504
0.07691550627350807,0.042238680995069444
0.07774754520505667,0.04299450456164777
0.0769960448378697,0.04342092841397971
0.08038290438707918,0.04243212740402669
0.07821649726247415,0.044563628965988755
0.0832467035506852,0.04513793345540762
0.08009815576951951,0.04144369449932128
0.07867053669178858,0.0429973634891212
0.07674068491905928,0.042104165186174214
0.07729998923605308,0.04235391353722662
0.0753439383697696,0.04174328362569213
0.07737308653304353,0.04133211972657591
0.07782694377237931,0.04460838087834418
0.07619030436035246,0.04203724698163569
0.07748513552360237,0.046147718792781234
0.07923107990063727,0.0427687275223434
0.07854241272434592,0.04277581686619669
0.07756182632874697,0.0413188369711861
0.0769747105659917,0.0431187596404925
0.07710764731746167,0.04264520981814712
0.07603236590512097,0.0420079214964062
0.07603434420889243,0.04334734892472625
0.07542603730689734,0.04344183742068708
0.0774983883020468,0.04180430923588574
0.06594953662715852,0.039027502411045134
0.06512641132576391,0.039163733599707484
0.06435537425568327,0.03855710616335273
0.06493888795375824,0.03960783185902983
0.06458888371707872,0.03865184774622321
0.06477634736802429,0.03889378916937858
0.06532006041379645,0.03924239089246839
0.06568560801679268,0.040018220082856715
0.06564530928153545,0.03863620897755027
0.06601671519456431,0.039818298537284136
0.06658067222451791,0.038940067985095084
0.06619281967869028,0.039035140187479556
0.06711087917210534,0.03952327091246843
0.06658919557230547,0.03847687866073102
0.06505794066470116,0.03845774324145168
0.0652293863822706,0.03844407538417727
0.0653224277193658,0.038754629669710994
0.06525936996331438,0.038636481505818665
0.06503350578714162,0.03805825230665505
0.06513583817286417,0.03878643095958978
0.06499088410055265,0.039406128344126046
0.06525179627351463,0.038736023590900004
0.06528572738170624,0.03906176390592009
0.0649758136132732,0.03859317011665553
0.06474733428331092,0.039008800173178315
0.06549753627041355,0.039115930325351655
0.06608267937554047,0.039165392983704805
0.06571296852780506,0.0388685897924006
0.06528927845647559,0.03953639871906489
0.06513736734632403,0.039023948716931045
0.0651606364408508,0.039134573424234986
0.06535553716821596,0.03893643291667104
0.06416982994414866,0.03897174715530127
0.0658907052129507,0.03895919944625348
0.06526470027165487,0.03947627171874046
0.06442335166502744,0.03874270245432854
0.06540277530439198,0.03814172779675573
0.06532055704155937,0.039005022030323744
0.0649078085552901,0.038315235055051744
0.06403052265523002,0.03875588939990848
0.06428669189335778,0.038250748766586185
0.06423830788116902,0.03872080740984529
0.06456146400887519,0.038456238457001746
0.06500553962541744,0.037938756635412574
0.06407075532479212,0.03874609980266541
0.0649402430281043,0.03863887663464993
0.06542372278636321,0.03854705474805087
0.06536255776882172,0.0397382004885003
0.06422317418036982,0.03787476697470993
0.06443142745411023,0.03840197413228452
0.06489985471125692,0.03815560054499656
0.06392744521144778,0.038408166845329106
0.06329554150579497,0.039070217637345195
0.06389124365523458,0.038352603325620294
0.0638716607936658,0.038114337832666934
0.06399467139272019,0.03896226827055216
0.06508192257024348,0.03806812106631696
0.06480720289982855,0.038737558061257005
0.06427368667209521,0.03794018516782671
0.06412044441094622,0.037870039930567145
0.06407956319162622,0.03790107136592269
0.06300062604714185,0.038952064234763384
0.06330651021562517,0.038004860980436206
0.06338762724772096,0.03735094505827874
0.06304427934810519,0.038055327837355435
0.06358365749474615,0.03809316025581211
0.06289959175046533,0.03769867145456374
0.06438404688378796,0.03767953719943762
0.06255579384742305,0.03781142143998295
0.06476159114390612,0.038742284406907856
0.06289110257057473,0.038053111522458494
0.06193933106260374,0.03805875044781715
0.0631969521054998,0.03759041684679687
0.06278609554283321,0.03702757810242474
0.06262777902884409,0.037931883125565946
0.06336692773038521,0.036785433534532785
0.06297165219439194,0.036920718499459326
0.06264511932386085,0.03909739409573376
0.06311206729151309,0.037469869130291045
0.06302179739577696,0.03769600542727858
0.0626363946357742,0.03702297050040215
0.06211125780828297,0.03710084955673665
0.06324705900624394,0.03807016438804567
0.0627680333564058,0.038002226036041975
0.06271633907454088,0.038137802854180336
0.06259869504719973,0.037442162400111556
0.06310494343051687,0.03743458725512028
0.06172368215629831,0.037696132669225335
0.06284718954702839,0.03899154672399163
0.06205279444111511,0.03683184238616377
0.062052817083895206,0.037116480874828994
0.06190045876428485,0.03692109102848917
0.06281891255639493,0.03706487326417118
0.062319789663888514,0.03732928272802383
0.06255917018279433,0.036849643220193684
0.06228591990657151,0.03722677449695766
0.06145589437801391,0.03852977091446519
0.06291353673441336,0.03834772459231317
0.061963595799170434,0.037185559049248695
0.06247492629336193,0.03774228261318058
0.057384089450351894,0.03587312297895551
0.05676856456557289,0.0361193724675104
0.056450792821124196,0.036191174178384244
0.057047884387429804,0.03635373921133578
0.056680860463529825,0.03609199682250619
0.056574442656710744,0.03602463740389794
0.05646125256316736,0.03598387958481908
0.05707332625752315,0.03590153460390866
0.05714133946457878,0.03650807566009462
0.05685333372093737,0.03624759858939797
0.05670055642258376,0.03599695872981101
0.05655425367876887,0.03591086820233613
0.056549781875219196,0.03583350556436926
0.05636552372016013,0.03596953221131116
0.05657351715490222,0.035765075823292136
0.05685776175232604,0.03585608163848519
0.05656018550507724,0.03557520604226738
0.05702606396516785,0.035763754160143435
0.05611390806734562,0.035704789333976805
0.05664844601415098,0.03604248515330255
0.05720182310324162,0.036125296144746244
0.056758284277748317,0.035719387349672616
0.057081545470282435,0.035689550335519016
0.05659006448695436,0.035620078328065574
0.056302567827515304,0.036057402030564845
0.05688679654849693,0.03612089669331908
0.05672512121964246,0.03609563212376088
0.05622879805741832,0.03565514367073774
0.056746129353996366,0.03616455162409693
0.05653878132579848,0.03581538889557123
0.0567358058760874,0.03586618462577462
0.05671194149181247,0.036071016918867826
0.05662938446039334,0.036419500946067274
0.05685735441511497,0.03551768360193819
0.05650195066118613,0.0355288905557245
0.05591727531282231,0.03586328588426113
0.05683549080276862,0.03569322545081377
0.05627991852816194,0.03583674400579184
0.056731176329776645,0.03540442720986903
0.056200542487204075,0.0355338224908337
0.05665614199824631,0.03551208949647844
0.056092495389748365,0.035339096444658935
0.05606122093740851,0.03550185705535114
0.05646366626024246,0.03555713105015457
0.05623174336506054,0.035395537270233035
0.056387899501714855,0.035618625581264496
0.056390237412415445,0.03557937382720411
0.05586816789582372,0.035362914903089404
0.055786437762435526,0.03551862423773855
0.055998617492150515,0.03539076680317521
0.05619933019625023,0.03534361848141998
0.05577567918226123,0.03530379990115762
0.05578912561759353,0.03540053893812001
0.05639601463917643,0.03593873244244605
0.05641447921516374,0.035393229336477816
0.05592456471640617,0.035456103971228004
0.05651699280133471,0.035613289452157915
0.0555715742520988,0.0355663257651031
0.05613366310717538,0.035922033013775945
0.05577506241388619,0.03557318076491356
0.05565740604652092,0.0353152381721884
0.055914012889843434,0.0354317722376436
0.05533574795117602,0.035345681360922754
0.05616857606219128,0.035216772579587996
0.055697739648167044,0.03525778674520552
0.05578874616185203,0.03537739475723356
0.0566051474888809,0.03512168035376817
0.05603346461430192,0.03513265249785036
0.05578878190135583,0.03518765966873616
0.05540300556458533,0.03517456923145801
0.05533473065588623,0.035162981832399964
0.0558395647094585,0.035239632707089186
0.05507589818444103,0.03530047368258238
0.055734612164087594,0.03580747137311846
0.055810077814385295,0.03541044355370104
0.05540284881135449,0.03505906858481467
0.0555473766871728,0.03523657796904445
0.05521673383191228,0.03511526167858392
0.05571441858774051,0.035161858424544334
0.0553696671850048,0.035160528495907784
0.055376358155626804,0.0351303422357887
0.05572305677924305,0.035185149405151606
0.05522889256826602,0.03534427785780281
0.0552088770782575,0.03531914227642119
0.05534693825757131,0.035142420209012926
0.055122640333138406,0.035090453806333244
0.05523139861179516,0.03532082890160382
0.054847412335220724,0.03547905711457133
0.05523554398678243,0.03507061686832458
0.05541734490543604,0.03501977340783924
0.05515328515321016,0.03497629601042718
0.05469662410905585,0.034962640376761556
0.0546246474259533,0.034880565595813096
0.054872137610800564,0.0350656172959134
0.05454578815260902,0.035456678248010576
0.05493573134299368,0.034744820673950016
0.054978489119093865,0.035119525622576475
0.05443053226917982,0.03474475839175284
0.05489324493100867,0.03481889865361154
0.05488589825108647,0.03507162956520915
0.052773741888813674,0.03435027471277863
0.05228771117981523,0.03442075871862471
0.052391072968021035,0.0346803959691897
0.05232875654473901,0.034433016553521156
0.05233883956680074,0.03445146791636944
0.05216508585726842,0.03437590226531029
0.05226849718019366,0.03513214224949479
0.05272376473294571,0.0343758569797501
0.05255522788502276,0.03457046125549823
0.052189281093887985,0.03446571109816432
0.0521792953950353,0.03419748379383236
0.05241670465329662,0.03480803745333105
0.05239433638053015,0.0343903717584908
0.05215351266087964,0.0343394580995664
0.052187525026965886,0.03443318489007652
0.05227344058221206,0.03451002459041774
0.052415537036722526,0.03438577684573829
0.052088743657805026,0.03448927926365286
0.0525633943034336,0.03446705802343786
0.052137179125566036,0.034233431331813335
0.052273644774686545,0.03504089161287993
0.052421614818740636,0.034523499896749854
0.05224643665133044,0.03442784457001835
0.05197715858230367,0.0343346482841298
0.052041873714188114,0.034255610895343125
0.051936192146968096,0.03452128265053034
0.05206420610193163,0.03448894037865102
0.05201391509035602,0.03461674402933568
0.05230166966794059,0.03438284434378147
0.052252773311920464,0.03443556954152882
0.052130427735392004,0.03474442509468645
0.05195925594307482,0.034417603397741914
0.05253794195596129,0.03425637923646718
0.05208338744705543,0.0341271924553439
0.05206025775987655,0.034318557009100914
0.052230003755539656,0.03420342830941081
0.052156832185573876,0.034429443650878966
0.05204858037177473,0.034221301903016865
0.052203800092684105,0.034373471047729254
0.051651662739459425,0.03421937674283981
0.05199839314445853,0.034153523622080684
0.05181483749765903,0.03442784899380058
0.05199155991431326,0.03418703703209758
0.05209275090601295,0.03440632193814963
0.051724799966905266,0.03439242020249367
0.05202438775449991,0.03425721044186503
0.051856525999028236,0.03436116047669202
0.051994039269629866,0.034343063714914024
0.05201445036800578,0.034226290648803115
0.05201389652211219,0.034295465564355254
0.052060176618397236,0.03408013435546309
0.05188845231896266,0.034172845305874944
0.05179236811818555,0.0341899812920019
0.05197483900701627,0.03452617709990591
0.0518944981158711,0.03407713701017201
0.05178769986378029,0.0340810656780377
0.051822798151988536,0.034004220739006996
0.05189459095709026,0.03410991397686303
0.051536147424485534,0.03419587295502424
0.051832977595040575,0.0342375875916332
0.05166846583597362,0.034153831424191594
0.051954005495645106,0.03400487289763987
0.05162746552377939,0.03403276565950364
0.05163541139336303,0.03400304983370006
0.05171750660520047,0.033971587545238435
0.05178259965032339,0.03414416767191142
0.05201651662355289,0.034034573007375
0.051867643487639725,0.03406341455411166
0.05140014464268461,0.034321596031077206
0.05155574466334656,0.03425837669055909
0.051669845764990896,0.03412532445508987
0.05175807059276849,0.03395250660832971
0.05146597546990961,0.0340222327504307
0.051641489495523274,0.03394431539345533
0.0517682884237729,0.034080951008945704
0.05163923010695726,0.0337356150848791
0.05153075378620997,0.034090697998180985
0.051508203556295484,0.034242737223394215
0.05156764277489856,0.03402359562460333
0.051595588331110775,0.03400745533872396
0.05146932747447863,0.03376277722418308
0.05153838809928857,0.03389562503434718
0.051462469273246825,0.03420245775487274
0.05144522152841091,0.034053849056363106
0.051458668953273445,0.03412604401819408
0.05160987615818158,0.03376371110789478
0.051511893689166754,0.03383977373596281
0.05135871435049921,0.033881289535202086
0.05140156962443143,0.03406290791463107
0.051356696407310665,0.03384764038491994
0.05130340391770005,0.033967539318837225
0.051359812961891294,0.03388138522859663
0.05126256012590602,0.03411991486791521
0.05141897301655263,0.033798109041526914
0.051249327312689275,0.03428156382869929
0.05123092187568545,0.033936246298253536
0.051166986173484474,0.03371060092467815
0.051216712046880275,0.03379232308361679
0.05120126233668998,0.033884237986058
0.051268641371279955,0.034000073675997555
0.04994052115944214,0.03359097521752119
0.050026524026179686,0.033654988394118845
0.04980931666796096,0.03367231774609536
0.05003125220537186,0.03368811076506972
0.04989558883244172,0.033771630143746734
0.05006235954351723,0.03357024281285703
0.05009845903259702,0.03376195125747472
0.04998369503300637,0.033669367781840265
0.049872387666255236,0.033927943324670196
0.04990081285359338,0.033634043764322996
0.050002828997094184,0.03370372939389199
0.05002308322582394,0.03373513324186206
0.050027379707898945,0.03355584270320833
0.04993754136376083,0.03362866851966828
0.04999920609407127,0.033611276652663946
0.049937602219870314,0.033655051374807954
0.049773572536651045,0.03355925087817013
0.049975340196397156,0.03360092255752534
0.049940145458094776,0.033815510221756995
0.049688160099321976,0.03361132426653057
0.04984549031360075,0.033681070897728205
0.04978896051761694,0.03378173371311277
0.04978547483915463,0.033674961305223405
0.0497188743611332,0.03367231541778892
0.0499485906038899,0.03359418048057705
0.04994312033522874,0.03360687452368438
0.049723092874046415,0.03354496986139566
0.049746409320505336,0.033654332743026316
0.04980727971997112,0.03349450207315385
0.04977319116005674,0.033500453224405646
0.04972450478817336,0.03363896510563791
0.0498270042007789,0.033498957636766136
0.04990901204291731,0.03370127524249256
0.04986319097224623,0.03357682249043137
0.04992093238979578,0.03363545937463641
0.049843223503557965,0.0337955568684265
0.04975632828427479,0.033563642064109445
0.04977451771264896,0.03342862019781023
0.04987919214181602,0.03360969771165401
0.04987169214291498,0.033654491882771254
0.049774912593420595,0.03361066558863968
0.049788608914241195,0.03347646270412952
0.04987842636182904,0.03346021892502904
0.04971584846498445,0.03354184015188366
0.04978631273843348,0.033513141330331564
0.04974441716331057,0.03358165884856135
0.049651658337097615,0.03350854374002665
0.049600341939367354,0.03345606313087046
0.04972158884629607,0.03361419937573373
0.049681521544698626,0.03349221055395901
0.04976144793909043,0.033417957718484104
0.049648955173324794,0.03341004112735391
0.04961135087069124,0.03360375412739813
0.04970816825516522,0.03357790585141629
0.04972291653393768,0.03344913269393146
0.0496700486401096,0.033404016867280006
0.04956284008221701,0.03344087128061801
0.04956065892474726,0.03357257763855159
0.04957238084170967,0.03364384884480387
0.0496603794163093,0.033529123524203897
0.04945803841110319,0.03345498372800648
0.04971237957943231,0.033608547295443714
0.04956089297775179,0.03338376898318529
0.04956497880630195,0.03357933380175382
0.049555598525330424,0.033405396970920265
0.049621584301348776,0.03354301117360592
0.049734149273717776,0.03340670303441584
0.04968448809813708,0.033492015674710274
0.04956122278235853,0.03365961997769773
0.04966641089413315,0.03350977471563965
0.049533610115759075,0.033518253127112985
0.04972255963366479,0.03348537895362824
0.04943288044887595,0.03342941065784544
0.049739277630578727,0.03340993553865701
0.04947795649059117,0.03349368926137686
0.04959937708918005,0.03339369175955653
0.04964824579656124,0.033602137002162635
0.04951570145203732,0.033430790645070374
0.04954567435197532,0.033427794580347836
0.04965068495948799,0.033410055679269135
0.04959953369689174,0.03337438846938312
0.04938727567787282,0.033500779420137405
0.0495550042251125,0.03352839674334973
0.049522925255587325,0.033451534691266716
0.0495083749119658,0.03358972107525915
0.049475831794552505,0.03345986339263618
0.04954154294682667,0.0333533362718299
0.04945230079465546,0.0333911560010165
0.04951838171109557,0.03344046033453196
0.04952517445781268,0.033348295371979475
0.04947206794167869,0.0333851573523134
0.049495146551635116,0.03346460766624659
0.04939013527473435,0.03336559562012553
0.04944639845052734,0.03335014497861266
0.04958877037279308,0.03341587772592902
0.049422123905969784,0.033322349889203906
0.04937900649383664,0.033489837078377604
0.049507648625876755,0.03339594486169517
0.049482234491733834,0.03343660174869001
0.04923831220366992,0.03327191388234496
0.04873207176569849,0.03322961169760674
0.04881113694864325,0.033345708972774446
0.048692413431126624,0.03326013754121959
0.04858706606319174,0.03325581760145724
0.04863492285949178,0.03324060165323317
0.048591148952255026,0.03334229509346187
0.04865099280141294,0.03327806480228901
0.04873155851964839,0.033215223578736186
0.04867783549707383,0.033152161398902535
0.0486540068523027,0.03324299002997577
0.04862515881541185,0.03330067335627973
0.04864269040990621,0.03327854664530605
0.048674054560251534,0.0332729103974998
0.048708891903515905,0.03330153867136687
0.04860282386653125,0.03320011938922107
0.04864385843393393,0.033174878102727234
0.04861170091317035,0.03323933249339461
0.04870197537820786,0.03322337195277214
0.048625358555000275,0.03320299170445651
0.048673414916265756,0.03322858095634729
0.048695716162910685,0.03320111718494445
0.04884296556701884,0.03332299191970378
0.04866773326648399,0.033267720602452755
0.04864067304879427,0.03317715250886977
0.04865910191438161,0.033293106011115015
0.048785073653561994,0.03324985736981034
0.04863777806167491,0.03331617242656648
0.04862981365295127,0.03325477067846805
0.04863914515590295,0.033162209088914096
0.048964329092996195,0.03323579707648605
0.048547447309829295,0.03330416837707162
0.0486728724790737,0.0332408786052838
0.048668809613445774,0.03315642080269754
0.04862158792093396,0.03330308536533266
0.04869280487764627,0.03320681839250028
0.04848110405146144,0.03313402598723769
0.0485591794422362,0.033179036574438214
0.04865615998278372,0.033192601636983454
0.0485488248814363,0.033274376415647566
0.04855766115360893,0.0332603242713958
0.04859412263613194,0.03318547771777958
0.048537616909015924,0.03329008573200554
0.04860822591581382,0.03319433727301657
0.04871964154881425,0.03318646876141429
0.04867158300476149,0.03313286660704762
0.04859077066066675,0.0331704665441066
0.0486048259481322,0.03320828510913998
0.04855292980209924,0.033132347045466304
0.048553446686128154,0.033196582458913326
0.04859766340814531,0.033227838459424675
0.04857321473537013,0.03325910237617791
0.048641358444001526,0.0331896033603698
0.04862672369927168,0.033192976959981024
0.04850243063992821,0.03311478556133807
0.048582656017970294,0.033155383192934096
0.048486045154277235,0.033249484025873244
0.048479298973688856,0.03320873621851206
0.04852378278155811,0.03307310736272484
0.04863652310450561,0.03326277632731944
0.04849947668844834,0.033205880317837
0.048517157963942736,0.033220204641111195
0.04848884849343449,0.03309904085472226
0.048457839380716905,0.03311665542423725
0.04850575211457908,0.03310117684304714
0.0485963118262589,0.03318230318836868
0.04859518026933074,0.03313540224917233
0.04853634489700198,0.03314058401156217
0.04854327940847725,0.033230677945539355
0.04847694165073335,0.033128818846307695
0.048606003809254616,0.03315801464486867
0.048349443823099136,0.03314216970466077
0.04850624449318275,0.03321432089433074
0.04853758931858465,0.03322056704200804
0.04851025098469108,0.03322602668777108
0.04856546252267435,0.033090548822656274
0.048457860306371,0.03314500651322305
0.048514149530092254,0.033113446552306414
0.04844965663505718,0.03314979048445821
0.048500037781195715,0.03316294390242547
0.04847466538194567,0.03318389260675758
0.04841702739940956,0.03323255421128124
0.04849124254542403,0.03315384523011744
0.04846411387552507,0.03318114567082375
0.04852272875723429,0.033117655548267066
0.04835215202183463,0.033180855214595795
0.048444092739373446,0.03316430642735213
0.048433767951792106,0.03310758771840483
0.048470406618434936,0.03325795731507242
0.048461725033121184,0.03319192782510072
0.04846308456035331,0.0332080697407946
0.04847096171579324,0.03316863952204585
0.048485372331924736,0.033087279996834695
0.048508684732951224,0.03308235201984644
0.04843733133748174,0.03304708807263523
0.04851075969054364,0.03309058491140604
0.04844483686611056,0.0331115135923028
0.048619545501424,0.03321572078857571
0.04841949773253873,0.03309684002306312
0.048466622713021934,0.033042450551874936
0.04845417840988375,0.0331738319946453
0.047964151424821466,0.033042112714610994
0.047972582979127765,0.033083578338846564
0.048003711126511917,0.03311169776134193
0.04804043931653723,0.033057119231671095
0.04807969948160462,0.03304619318805635
0.04800777733908035,0.03305428905878216
0.048076616280013695,0.033102779649198055
0.04809986049076542,0.03303938650060445
0.04798963002394885,0.03303467249497771
0.04802139278035611,0.033093137317337096
0.048092899640323594,0.03307877597399056
0.048073571699205786,0.03310140979010612
0.04800921105197631,0.033080357941798866
0.04808861474157311,0.033100766711868346
0.04818848939612508,0.033006138168275356
0.047993349202442914,0.0331314840586856
0.04795210377778858,0.033018452231772244
0.04798507850500755,0.03309751395136118
0.048050628654891625,0.03312914969865233
0.04801196287735365,0.033024836564436555
0.04799686121987179,0.03308236412703991
0.04798269268940203,0.03299177868757397
0.04807686503045261,0.03298045147676021
0.04809553505037911,0.03303348855115473
0.04794973207754083,0.03299449826590717
0.04802546510472894,0.03301261772867292
0.04808354686247185,0.03304733557160944
0.04800380120286718,0.033036047825589776
0.0480461347324308,0.03305863798595965
0.047983509371988475,0.033066923497244716
0.04802649765042588,0.033049419755116105
0.048033744882559404,0.03304080490488559
0.04800618637818843,0.03299173410050571
0.04799170180922374,0.03301051666494459
0.04802457129699178,0.03298850089777261
0.04807037115097046,0.033052996383048594
0.04802879266208038,0.03299224004149437
0.04801071743713692,0.032975791255012155
0.04801176619366743,0.03305958106648177
0.048030683799879625,0.03299635834991932
0.04795904862112366,0.033052579034119844
0.0480239825847093,0.033013692242093384
0.047960319207049906,0.032987926504574716
0.04791706395917572,0.03305320115759969
0.04814149500452913,0.03306917240843177
0.04829614204936661,0.03305043466389179
0.047967464866815135,0.03303164755925536
0.04809535591630265,0.03297517285682261
0.04795552609721199,0.03301532112527639
0.048064388742204756,0.03299382631666958
0.04796407130197622,0.033065004739910364
0.0480415717465803,0.0330419858219102
0.04790458580828272,0.03299054142553359
0.047981382405851036,0.03298134752549231
0.048007929319282994,0.03301427140831947
0.04803901200648397,0.03302686277311295
0.047965953330276534,0.03302705066744238
0.047914619819493964,0.033008831553161144
0.047941189201083034,0.03299120895098895
0.04808801779290661,0.03300463000778109
0.047972990199923515,0.03299223957583308
0.04800068595795892,0.03303646494168788
0.04795649365405552,0.03300677693914622
0.04794689908158034,0.032940604840405285
0.047990563267376274,0.03298124670982361
0.04791623310302384,0.03300821385346353
0.04801372351357713,0.03304408292751759
0.04796284271287732,0.03297681815456599
0.04797229840187356,0.03296102653257549
0.04803186407661997,0.033000550931319594
0.04800647366209887,0.03298407816328108
0.047955605085007846,0.0329432311700657
0.04811214184155688,0.033014328801073134
0.047901209734845906,0.032974146073684096
0.04793722330941819,0.03295016230549663
0.04801520303590223,0.0329597758827731
0.04798776569077745,0.03297014476265758
0.04818397224880755,0.033001505536958575
0.04796971334144473,0.0330806989222765
0.04804465116467327,0.0329891717992723
0.048013077437644824,0.03299683332443237
0.047891879425151274,0.03297856787685305
0.047866091947071254,0.032927027554251254
0.04791903079603799,0.032926945365034044
0.04792741790879518,0.032968894112855196
0.047884779021842405,0.03298063238617033
0.04793181116110645,0.033035180415026844
0.047933033551089466,0.03296213457360864
0.04787210145150311,0.03295919892843813
0.04781224043108523,0.03295056440401822
0.04783226310973987,0.032931713154539466
0.04792997144977562,0.032961638062261045
0.04793278154102154,0.032992587075568736
0.04791847843443975,0.032963556703180075
0.047946594830136746,0.032965222490020096
0.047930206172168255,0.03300248913001269
0.04797779335058294,0.03301867167465389
0.04796339705353603,0.033023952739313245
0.04798080347245559,0.03297866473440081
0.047943964978912845,0.03299182781483978
0.04771577153587714,0.03299809352029115
0.047701070696348324,0.032937567913904786
0.04770293511683121,0.032927086926065385
0.04778410930885002,0.032940883887931705
0.04765210626646876,0.032951483968645334
0.04772617612616159,0.03295415919274092
0.04762628136086278,0.03295480122324079
0.04761594443698414,0.03299911005888134
0.0476827657839749,0.032965625752694905
0.04766355958417989,0.03293102653697133
0.04775117541430518,0.032963779754936695
0.047676024929387495,0.03293808444868773
0.04769525196752511,0.0329557154327631
0.047770806530024856,0.032976093934848905
0.04767590429401025,0.032928874832578
0.0478092540288344,0.03298393031582236
0.04771137118223123,0.03297641593962908
0.04760679291212,0.032952142297290266
0.047857456374913454,0.0329492655582726
0.04769345239037648,0.03294639231171459
0.04782279682694934,0.03290607640519738
0.047725552576594055,0.03292590065393597
0.047636365809012204,0.03296888945624232
0.04775652047828771,0.03297154768370092
0.047643638972658664,0.03293475415557623
0.04764495446579531,0.03292876353953034
0.047757489839568734,0.03296560130547732
0.04766125697642565,0.032947425032034516
0.047661681193858385,0.0328955085715279
0.047608019958715886,0.03296573844272643
0.04765359670273028,0.03297298785764724
0.047690699982922524,0.032954826136119664
0.04765819205204025,0.032958780182525516
0.047735149797517806,0.03292691404931247
0.04766144053428434,0.03297790349461138
0.0476499377109576,0.032953995279967785
0.047710515005746856,0.0329287548083812
0.04768408145173453,0.0329681932926178
0.047699365619337186,0.032939383876509964
0.047640543431043625,0.032917331671342254
0.047665348276495934,0.032945788581855595
0.04769889617455192,0.032960279611870646
0.04764951975084841,0.03296229406259954
0.0477510895289015,0.032906379899941385
0.047608142893295735,0.03290534857660532
0.04775048955343664,0.03295055590569973
0.04755817021941766,0.03296984394546598
0.047715111839352176,0.032909752917476
0.04775099304970354,0.03293435589876026
0.0476913342718035,0.03293688874691725
0.04757107072509825,0.03293556428980082
0.04760950049967505,0.03295631508808583
0.04766780525096692,0.03293283632956445
0.047611605550628155,0.03294636798091233
0.047777713189134374,0.032929167500697076
0.0476043532253243,0.032953087938949466
0.04759314269176684,0.03292547317687422
0.04757336666807532,0.03295682417228818
0.04764920336310752,0.03296942275483161
0.047591062204446644,0.032940689474344254
0.047621507226722315,0.03294722130522132
0.04772953415522352,0.032942789141088724
0.047636296949349344,0.03297411010134965
0.0477176972781308,0.03295198944397271
0.04761314153438434,0.03296756627969444
0.04771950718713924,0.03291693713981658
0.047693554748548195,0.03293158521410078
0.04770899747381918,0.03296183201018721
0.047535870427964255,0.03294044767972082
0.047639270982472226,0.03292753815185279
0.0476388112292625,0.03288135339971632
0.047727748635225,0.032925523119047284
0.04772269260138273,0.03291708300821483
0.04762931104050949,0.03291115548927337
0.04765281060826965,0.03290885826572776
0.047650272521423176,0.032883025356568396
0.047602542472304776,0.03290211514104158
0.04773370147449896,0.032926706480793655
0.04758606886025518,0.03292011481244117
0.04763855936471373,0.03291147842537612
0.04769240607856773,0.03293516125995666
0.047668698272900656,0.03292641835287213
0.047601587109966204,0.03291922609787434
0.04782008010079153,0.03293267358094454
0.047652619978180155,0.03290092491079122
0.04762520513031632,0.032959091826342046
0.04759650109917857,0.0329410876147449
0.047580300364643335,0.03291730594355613
0.04760386230191216,0.03294763795565814
0.04775452706962824,0.03292314719874412
0.047632219473598525,0.032941696932539344
0.04759291504160501,0.032944226404652
0.047566717490553856,0.03292770904954523
0.04763788793934509,0.03294871456455439
0.04765386658255011,0.03291534376330674
0.047611984715331346,0.03291929524857551
0.04761514635174535,0.03291011753026396
0.04760097054531798,0.03291240404359996
0.047615324874641374,0.032967147533781826
0.04776873125229031,0.03290901577565819
0.04754986392799765,0.03292785014491528
0.04748538613785058,0.03292368375696242
0.04743230593157932,0.032937462790869176
0.047461329406360164,0.03293933242093772
0.04749097110470757,0.03292550449259579
0.04745324116083793,0.03290202852804214
0.04755612768349238,0.032916942378506064
0.04746269233874045,0.032930156332440674
0.04758021331508644,0.03288692922797054
0.04761825077002868,0.03291167924180627
0.04747804705402814,0.032961695455014706
0.04753756689024158,0.03290985291823745
0.04748113185632974,0.032909169676713645
0.047418608592124656,0.03293409536127001
0.04749758882098831,0.03293842636048794
0.04750136993243359,0.032938054646365345
0.047548978531267494,0.032910014619119465
0.04750010755378753,0.03290529944933951
0.04749260557582602,0.03291214257478714
0.04748891343479045,0.032922974321991205
0.04755894260597415,0.03291031054686755
0.04746116290334612,0.03292760101612657
0.04752747729071416,0.032925686915405095
0.04751717855106108,0.03290108765941113
0.04750635483651422,0.032876373385079205
0.047490520402789116,0.03289348690304905
0.04755693511106074,0.032908564317040145
0.04747653394588269,0.03291189612355083
0.04748488779296167,0.032861705287359655
0.047482365829637274,0.03288521047215909
0.04753251263173297,0.032911465619690716
0.04741864022798836,0.032903068233281374
0.047540725296130404,0.03289709147065878
0.04753802018240094,0.03288366284687072
0.04750339992460795,0.032866211142390966
0.04751718102488667,0.03290034644305706
0.04749242987600155,0.03288513596635312
0.04745503491722047,0.03288181801326573
0.0475984790828079,0.03290916187688708
0.04738224609172903,0.03288561315275729
0.04752564852242358,0.03288465389050543
0.04748677584575489,0.032883468782529235
0.047667447302956134,0.03291639918461442
0.047471073834458366,0.0329091438325122
0.04744945725542493,0.032861218554899096
0.04747919726651162,0.032888632849790156
0.04755623382516205,0.032885435270145535
0.04746751399943605,0.0328970062546432
0.04760454400093295,0.03290133981499821
0.04743252380285412,0.032931621419265866
0.047593939234502614,0.032901006285101175
0.04750485738622956,0.0328876634594053
0.047428705234779045,0.032881738734431565
0.047499592998065054,0.0329005989478901
0.04746851715026423,0.03287993965204805
0.047449389239773154,0.032892752205953
0.04753486588015221,0.03287481365259737
0.047581234481185675,0.032891974318772554
0.047572940587997437,0.03287938435096294
0.04745138477301225,0.0328632399905473
0.04748917507822625,0.032901101163588464
0.047467516211327165,0.03288810886442661
0.04741624734015204,0.032887262175790966
0.04744963828125037,0.0328938530292362
0.047479087399551645,0.03286642371676862
0.04744794618454762,0.03291068261023611
0.047545521782012656,0.032871782779693604
0.04743994600721635,0.032894637202844024
0.04753562537371181,0.0328677591169253
0.04753036561305635,0.03290566068608314
0.04743557708570734,0.03288398473523557
0.047519045299850404,0.03289756691083312
0.04757922069984488,0.03289895213674754
0.04744275295524858,0.032936599222011864
0.04766131195356138,0.03288677043747157
0.04742676892783493,0.03289376257453114
0.04742066827020608,0.032923955004662275
0.047489546675933525,0.03287481761071831
0.04763107644976117,0.032851482508704066
0.04747895122272894,0.032907951856032014
0.0474746655090712,0.03288756462279707
0.04749887660727836,0.032884696731343865
0.047434420324862,0.03287367499433458
0.0474583518516738,0.03290963789913803
0.04748084643506445,0.032840914907865226
0.04748235794249922,0.03290480573195964
0.047452760860323906,0.03289479063823819
0.04742036745301448,0.032901285914704204
0.04750565081485547,0.03287515661213547
0.04740679103997536,0.032865700661204755
0.04752084848587401,0.03287704044487327
0.0473613194481004,0.032856207457371056
0.047404564887983724,0.03287985152564943
0.047416076180525124,0.032874927506782115
0.04748096439288929,0.03287677722983062
0.04755676322383806,0.03287969680968672
0.047507046576356515,0.03287412039935589
0.0474212855915539,0.032918353215791285
0.047520447900751606,0.032939482713118196
0.04751436255173758,0.03289643139578402
0.04741604355513118,0.032858108752407134
0.0473746188217774,0.032872271607629955
0.04742331197485328,0.032877665595151484
0.04736714472528547,0.03286948858294636
0.047441939677810296,0.03289264545310289
0.04746985010569915,0.03286020702216774
0.047360031807329506,0.03286059619858861
0.047513697209069505,0.03290694998577237
0.047424925811355934,0.03289734874852002
0.04741219477728009,0.032869517570361495
0.047483275790000334,0.032869864138774574
0.047347556974273175,0.03287510364316404
0.04743817640701309,0.0328920625615865
0.04741095338249579,0.03288831852842122
0.04736075078835711,0.03288610139861703
0.04740329281776212,0.032871375093236566
0.04736770084127784,0.03287899924907833
0.047411439212737605,0.03289280948229134
0.047421529598068446,0.03289043309632689
0.04732076491927728,0.03288801677990705
0.047489718155702576,0.03287058125715703
0.04747141501866281,0.03285684250295162
0.04737638757796958,0.03287639340851456
0.04738611442735419,0.03289652778767049
0.04742444973089732,0.03289076290093362
0.04743280552793294,0.03288579056970775
0.047342943464173004,0.03290551865939051
0.04745546352933161,0.03287842753343284
0.04742466285824776,0.03286343230865896
0.047396854031831026,0.03285044280346483
0.047337802505353466,0.032904429477639496
0.0474089226918295,0.03288118483033031
0.04737650047172792,0.032908377004787326
0.04743576928740367,0.032884540618397295
0.047378590621519834,0.032886472065001726
0.04743443807819858,0.03288281278219074
0.04733607455273159,0.03288067481480539
0.04753275669645518,0.032862210529856384
0.04741579803521745,0.03289243648760021
0.04734371238737367,0.03289107629097998
0.047389499843120575,0.032867749338038266
0.04738330241525546,0.03285373386461288
0.04745542714954354,0.03284653928130865
0.04741853664745577,0.03289279306773096
0.04740665017743595,0.032870922703295946
0.04753832443384454,0.03283851302694529
0.04732375455205329,0.032873671501874924
0.04733524742187001,0.03288391313981265
0.0473944685945753,0.032899238052777946
0.04736875751405023,0.0328723801067099
0.04742884877487086,0.032889302470721304
0.04737268891767599,0.03289376257453114
0.04729914662311785,0.032893613912165165
0.047393852088134736,0.032854474848136306
0.04735009389696643,0.03287669806741178
0.047361480741528794,0.03286565840244293
0.04734226001892239,0.0328609220450744
0.04738314959104173,0.0328806770266965
0.047299830155679956,0.03289030899759382
0.04748013836797327,0.032886543427594006
0.04738225613255054,0.032892446615733206
0.04746592650189996,0.03287486138287932
0.047339134267531335,0.03286284219939262
0.047459952416829765,0.03289193368982524
0.04744073664187454,0.03286257584113628
0.04746158528723754,0.032898354111239314
0.0474016243533697,0.032855025259777904
0.04737295594532043,0.032883621053770185
0.047376487927976996,0.03288062452338636
0.04731329999049194,0.03286938520614058
0.04736672271974385,0.032880646525882185
0.04742189575335942,0.03288343129679561
0.04740713149658404,0.032894755713641644
0.047372975590405986,0.03290696151088923
0.047380207222886384,0.03286908031441271
0.04732979915570468,0.032872590236365795
0.04740567511180416,0.032882179133594036
0.047448783880099654,0.03288091521244496
0.04732617441914044,0.032879122998565435
0.04739513050299138,0.03285669535398483
0.04742211234406568,0.032886683591641486
0.047401535004610196,0.032877089688554406
0.04740362410666421,0.03284355241339654
0.047413971537025645,0.03286473941989243
0.04747436419711448,0.03286329016555101
0.047323517268523574,0.032865962479263544
0.047397134243510664,0.03290650143753737
0.047437175118830055,0.03289523918647319
0.047300544334575534,0.032874162890948355
0.04742208114475943,0.03288835764396936
0.047434201871510595,0.03284677932970226
0.04743558922200464,0.03290543693583459
0.04734791140072048,0.032866686466149986
0.04746625784900971,0.032844735658727586
0.0474014128849376,0.03284313285257667
0.04732327116653323,0.032889012480154634
0.04733492893865332,0.03286161948926747
0.047457708860747516,0.03286658995784819
0.04746022916515358,0.03287505451589823
0.04730700547224842,0.0328883130569011
